ID,RM Code
C00128057U,Z093
C70184858L,V599
T44434184G,N532
Y46504736K,B215
M62037789S,U101
R98869301F,X578
M47780707J,S338
F39588282Z,Q615
J64539353T,C898
L95931262A,F253
Z49963854R,M834
R43046486Y,R777
B94375675V,Q823
S25440526P,W472
R68872412D,U695
D77514615S,D675
E93120589T,I917
V91839153C,Q371
J32176307D,A573
Q25416652Q,N896
D49523288D,Z655
E58667618E,L043
E09064967L,M462
E54676153Z,M823
S70868873T,F419
Y81220511K,R835
E38959474Y,D205
Q21391301L,D699
N36836005Z,V047
T14910172I,F117
B44721852N,L632
V68902520I,R062
C15420959W,O923
A38704965L,A588
X01998698L,E445
W97517805T,Y437
Q84774439Z,U336
Y76691343Y,G272
T02425782Y,J818
U88518046M,B935
Y96050808Q,L661
Z86729702X,E279
B08430763I,L997
Q90204070D,M682
E57558271K,I064
T37504986H,V927
P44624687R,T580
P08859155M,F404
T15548780A,A632
A74033150I,Y357
K45296362M,R804
T36598091T,L929
C62817646D,O213
R71435001D,A974
C50016118X,O126
Q32042471M,T699
T59347971X,E751
B88748986A,A833
Y14081040L,R435
W60669813L,Z518
M41407334G,Q863
D38124202P,I094
B99224301Q,E300
U10369158B,N182
T21885465I,T980
N71866610F,T422
Q44934890L,M359
H16074353B,S779
C17853951K,E457
I74767232Q,F930
Y66509768C,H417
N33620803S,D796
I98049453S,B306
V80604368I,I599
D27437515T,W073
M80160588U,B703
W78120885J,L261
L02618709W,Z681
J74260622V,F857
Y77996402N,W994
N76533869K,T082
C61695749S,L130
J54038790T,B347
J52883260O,V230
K50239447N,E643
A22800130C,F435
V53210075Z,D771
C29673115P,L131
M60180571X,C935
U96871913J,J854
H99720253U,P803
C52579949I,W648
E65046872I,T791
Y67435356N,E737
R31419693N,J768
R11757555N,C534
H66762075C,O728
J13497325E,D407
F93482513F,J618
Q00581592V,X148
X42315573N,S725
I99458372I,U811
T32683407W,J806
J64179165G,I733
N32924839M,G480
R80508026O,M275
L28093083P,H854
E36579793Q,R316
H13502074Y,V396
V70679756N,D431
V32944800L,J816
M82218327I,Z433
G98805242B,S712
M79684451U,Y536
Z90985151K,F900
Y90209036Q,S655
J91135274L,V598
G66378794O,R104
X10725895V,V888
R98082383B,O431
F00171844D,J421
F99571258C,U923
I98204971V,Z058
W05708065V,M834
Y69537551M,T968
C59287565Q,Q826
N89628004Y,G195
W40224864S,H947
Z60794304G,P096
T97445083K,E595
T37697020N,E934
C02024631Z,V238
A08698678I,L528
W14782396P,U149
V78237638U,F334
D26713189C,I738
V48963101S,I293
W71006923L,A238
V06315037T,B619
W15371229Q,L348
U80478871Z,R446
I99926330I,I699
V81957120X,I918
H45363592F,F712
R70011619M,A831
X58596940M,L719
M29007162X,D876
J06238930Y,K859
L94478459G,E853
O04075685J,Z567
T18819854V,J564
M33401587V,A416
M79144429P,O967
M56867088N,J463
J32077539B,M170
H13133317Q,D536
L66032655F,Z237
T01744603K,I267
S90584774I,B853
O67917113Y,V761
H74175404T,Q660
T13918461A,B693
W02229697M,A370
Y87860065N,P555
K10973104M,A688
H41656786M,N241
Q87090494U,K447
F80502763X,Z806
G79632002H,J158
D24543190M,W339
U05246753G,Z223
T88823294Q,R768
S11087024Y,Z093
Q84951059R,S988
U33254731S,N397
T33267233K,N731
G37320141Z,W465
J71214254C,B186
Z61672609H,X170
I62900708B,E730
R69462764G,O468
P05756339H,C871
X27900034N,C881
R19305912F,I720
S10123502D,S677
E21559988D,I612
G10703858C,K998
V51684973P,O207
A71581894I,G491
E96870704L,X729
D66539638R,K283
A87011040V,D520
G23704999Y,V261
N31727415F,J351
V58739303J,A519
Z29505456H,X147
J37509425Z,F734
R83175632B,G930
J27765929X,M736
H71340877U,O443
G10459420R,E690
T08501814W,L196
L43734782H,F744
C63929090E,N135
M54393051H,J281
V66213966U,K010
R30011721T,Q675
Y24481561I,L621
O02062752A,A477
V96217798K,U247
T48735683N,X102
T52900009Y,U691
Y84052065U,A028
G37049329M,H033
V95347006G,L890
O80644528N,N293
F62874658Z,P724
U92758238A,C673
A59280639W,C036
B50137997B,N087
G30976996S,G860
V67568069F,C640
H62534386Y,B938
A23207845B,B256
Q81094243U,C517
V68127630T,X836
A02190925X,O393
X78366569Z,A425
A83260692E,I807
V85469521E,A767
K31411419C,N830
X11660747C,I002
H23832292R,O184
M32445183Z,W608
C99006631N,J486
V95215654H,X508
X01017209U,E978
M48532665C,R590
F24879757W,N304
G52166590B,Y205
R61108916R,U604
A06892475W,V813
P49847849V,C832
W55257912Y,H188
U19577154F,S661
D54006075F,R106
L83391163T,V754
W86706425P,P522
H50948460T,V324
V56458138D,D021
M40348641M,E925
L93141435Q,V356
P87135009M,M505
K74869295N,H523
R17341084R,V463
J54634937S,J031
A82961557A,R117
U81196410Q,Q173
Y77275198Y,O450
E74833112T,O796
T87307572M,B275
P05822729B,D732
Z75142229E,D554
A72841848C,B704
O32960076C,S979
N42389858O,G089
A13936826X,J285
S43909072Q,A271
D61686325N,R399
N71647420E,I907
R11748019W,W527
R34929862T,P305
E53906387U,B463
C96293530E,S366
S18307829R,W895
A59572861C,K770
Y96533528Q,W259
I78324101V,Z403
K52788097C,E944
W78920778G,V110
H66958856O,E805
K74334951J,A193
N75053025Z,E924
X38194488D,E662
W79909141R,G043
B24571623V,C830
X73621083I,E117
N71912402A,G788
E33549460F,Z268
W28141369I,Z134
I92350376C,G696
K93759546D,B232
B72290533W,O885
W76616433J,F629
H57674338H,B197
E50484756I,S614
S28089814N,X369
X29110754O,H602
X07610311I,T628
X01964048L,N767
L56893589R,S534
J75326357R,N675
M48196518O,X389
W17085004H,L379
V07311008J,H188
I29126198H,L907
R80992018V,I628
Q45394532O,R392
J43808428G,W125
O06245804Y,X978
S51902583B,G685
C36365557I,X804
M81089217Z,X120
V53647772R,W753
R55910755L,A292
F77307949O,T614
D32074574F,B954
J59542452Z,Z909
E52849542G,W732
X99930572R,V796
E30577206N,M317
M14116678G,M241
P12012339S,Z877
O52235081R,T510
F93561446S,N052
E72941907E,E388
J92792721J,N682
Y78668419A,H967
O10026558A,I137
W65194550E,R702
V70015149R,V118
K21612154A,P100
L16850405Z,G624
L07925419B,Q565
U54869660W,I067
E71404550D,J325
Z25748380C,A073
L72710025L,Z869
N16286325M,Y827
K40861774U,B844
W46211827F,M961
U20350246S,F420
B36527054P,U488
V40397927O,Q257
K40137005E,D001
H14418088P,J766
V11225106S,Z642
N95034966J,J882
C07591599D,X529
I97477143X,T291
N42956683G,F786
E30999990P,F116
U90684548Y,M004
Q19508826N,J669
R69953021L,Y132
E06473956G,Q675
V43969328Y,Z124
M87739538B,G613
L02665386E,M653
M15641226P,T907
M74473768U,O548
R68503681R,P853
A27840006C,P927
R67968788I,F331
A23468289N,U725
R16381407Z,V263
R19413737P,N972
R14098467I,E045
P29367187V,V919
W79111077L,X712
A36980312C,T242
R50240493R,A967
X28927889V,M713
E26370817Z,Y202
Z29133453E,H390
D91184171C,F759
D50703875V,L858
V75037104B,V353
I42749335V,O955
C15082237J,Z736
V34281301Q,I516
S99034320Y,F789
X29220008H,A384
E47206282C,W054
D40822656P,T394
V73442417M,P988
X10333782C,I468
I30216893Q,F374
P44531700A,K455
C08466388Q,H047
W13638542J,L418
S96991472N,S106
M29547446O,C683
S62763473D,Y370
I75576328A,P691
X64013838T,K491
B59656323X,R183
K41706071J,C448
T86058359C,A401
W96184483H,I208
I82197847R,K114
I61762499F,E188
B03428140V,C671
M09323211O,U123
H13203638E,J566
F59067168Q,R623
C22724742B,E754
Z67571754Y,K212
N55732423A,W031
Y77046008Q,V440
Q46081048N,K406
U23806927E,N121
F06610532R,G914
X01468324N,W223
Z00634703K,H375
Q72104545Z,X967
B85224084D,G955
F02886961Q,Z230
S39837005N,G354
X23945006B,B581
F94891087X,B157
N61932796L,O703
D47738099A,J426
D79591043Q,Q554
I98141309K,Y439
D37248059O,Y258
H34501242H,O037
E83867286Y,C211
M33778129M,U937
W40373871B,V711
X87154060J,F422
Z07789739Y,N340
W03732023R,M906
U98693838P,X239
T16476760Z,D460
V61908626F,P135
O50646754U,Z883
Y37267666W,H730
A60067063I,D145
Y78678620X,M525
E84612124B,E054
M57511149L,V661
Y12272798O,I586
R94014470A,O907
I74087111Q,Z061
G38242900K,Q999
F69229222V,A892
C14912398X,S231
G13960559C,I230
X10433955J,I113
C47529762J,N861
M02473427N,F308
R31914547T,Y489
H31865806Z,T500
J03213043S,Z502
K08811919R,Z756
H59365972Y,A783
P86641557N,B450
T20973142U,L318
R63978880C,C592
F99313838E,G376
W49582781H,Z501
Y81973327O,S356
M55762459M,M104
C72925476I,D527
X68823116D,G338
F52116333L,V885
N05546584Y,K492
A30192246Q,U005
E56378222X,K751
T40184462C,O600
E12522246W,K018
M63388276U,F620
V47136967E,E070
H04166374R,X480
O01076585X,P366
K30782668P,O308
D19391447Z,V399
Q81933166P,N310
Y73138384I,P915
Z47429662Z,G114
I31296141Y,N425
S59893569S,P037
I10801700A,S283
I80590967R,U214
D02831191Z,W174
L84292291X,U617
A86115583K,Y575
U96065595P,Y100
H51687530X,M547
K37897900F,H777
E09187798U,B303
E37398631O,C537
S42205258I,P131
R09437769R,Z261
M60854642E,U536
U25598415R,E634
X74751357V,W292
D95163100P,Q817
A38744283D,K639
